Workbook
Name current: 'Overview & Dashboard'!$C$5:$C$11
Name target: 'Overview & Dashboard'!$B$5:$B$11

Sheet Dashboard
A1: INLC 2030 Strategic Plan Dashboard
A2: #VALUE! | L2: ="Last Updated: "&TEXT(TODAY(),"mmmm d, yyyy") -> Last Updated: November 12, 2025
B4: Total Acres Conserved (2025) | F4: Average Priority Projects in Pipeline | J4: Progress to 15,000 Acre Goal
B5: ='Acres Conservation Goal'!K3 -> 1490 | F5: ='Priority Projects (50+)'!K3 -> 30.25 | J5: ='Acres Conservation Goal'!N3 -> 0.099333333
B7: Total Active Donors (2025) | F7: Volunteer Participants (2025) | J7: Annual Revenue (2025)
B8: ='Financial Goals'!J3 -> 1120 | F8: ='Community Engagement'!C3 -> 230 | J8: ='Financial Goals'!G3 -> 2500000
B11: Year | C11: Acres Goal | D11: Acres Actual | E11: Projects Goal | F11: Projects Actual (avg) | G11: Revenue Goal | H11: Revenue Actual
B12: 2025 | C12: ='Acres Conservation Goal'!J3 -> 1500 | D12: ='Acres Conservation Goal'!K3 -> 1490 | E12: ='Priority Projects (50+)'!J3 -> 50 | F12: ='Priority Projects (50+)'!K3 -> 30.25 | G12: ='Financial Goals'!F3 -> 2600000 | H12: ='Financial Goals'!G3 -> 2500000
B13: 2026 | C13: ='Acres Conservation Goal'!J4 -> 2000 | D13: ='Acres Conservation Goal'!K4 -> 0 | E13: ='Priority Projects (50+)'!J4 -> 50 | F13: ='Priority Projects (50+)'!K4 -> 0 | G13: ='Financial Goals'!F4 -> 2700000 | H13: ='Financial Goals'!G4 -> 2800000
B14: 2027 | C14: ='Acres Conservation Goal'!J5 -> 2500 | D14: ='Acres Conservation Goal'!K5 -> 0 | E14: ='Priority Projects (50+)'!J5 -> 50 | F14: ='Priority Projects (50+)'!K5 -> 0 | G14: ='Financial Goals'!F5 -> 2800000 | H14: ='Financial Goals'!G5 -> 4009000
B15: 2028 | C15: ='Acres Conservation Goal'!J6 -> 3000 | D15: ='Acres Conservation Goal'!K6 -> 0 | E15: ='Priority Projects (50+)'!J6 -> 50 | F15: ='Priority Projects (50+)'!K6 -> 0 | G15: ='Financial Goals'!F6 -> 2900000 | H15: ='Financial Goals'!G6 -> 2000000 | J15: Quarter | K15: Acres | L15: Projects | M15: % Complete
B16: 2029 | C16: ='Acres Conservation Goal'!J7 -> 3000 | D16: ='Acres Conservation Goal'!K7 -> 0 | E16: ='Priority Projects (50+)'!J7 -> 50 | F16: ='Priority Projects (50+)'!K7 -> 0 | G16: ='Financial Goals'!F7 -> 2950000 | H16: ='Financial Goals'!G7 -> 0 | J16: Q1 2025 | K16: ='Acres Conservation Goal'!C3 -> 320 | L16: ='Priority Projects (50+)'!C3 -> 15 | M16: =K16/'Acres Conservation Goal'!B3 -> 0.85333333
B17: 2030 | C17: ='Acres Conservation Goal'!J8 -> 3000 | D17: ='Acres Conservation Goal'!K8 -> 0 | E17: ='Priority Projects (50+)'!J8 -> 50 | F17: ='Priority Projects (50+)'!K8 -> 0 | G17: ='Financial Goals'!F8 -> 3000000 | H17: ='Financial Goals'!G8 -> 0 | J17: Q2 2025 | K17: ='Acres Conservation Goal'!E3 -> 350 | L17: ='Priority Projects (50+)'!E3 -> 36 | M17: =K17/'Acres Conservation Goal'!D3 -> 0.93333333
J18: Q3 2025 | K18: ='Acres Conservation Goal'!G3 -> 320 | L18: ='Priority Projects (50+)'!G3 -> 20 | M18: =K18/'Acres Conservation Goal'!F3 -> 0.85333333 | R18: Year | S18: Acres Goal | T18: Acres Actual
J19: Q4 2025 | K19: ='Acres Conservation Goal'!I3 -> 500 | L19: ='Priority Projects (50+)'!I3 -> 50 | M19: =K19/'Acres Conservation Goal'!H3 -> 1.3333333 | R19: 2025 Q1 | S19: 375 | T19: 205
R20: 2025 Q2 | S20: 375 | T20: 375
N21: Achieved | O21: Remaining | R21: 2025 Q3 | S21: 375 | T21: 500
N22: ='Financial Goals'!G3 -> 2500000 | O22: =2600000-N22 -> 100000 | R22: 2025 Q4 | S22: 375 | T22: 375
B27: Objective | C27: 2025 Target | D27: 2025 Actual | E27: % Complete | F27: Status
B28: OBJ-1: Conservation Portfolio | C28: 3,000 acres | D28: ='Acres Conservation Goal'!K3 -> 1490 | E28: =D28/3000 -> 0.49666667 | F28: =IF(D28/C28>=0.9,"🟢",IF(D28/C28>=0.7,"🟡","🔴")) -> #VALUE!
B29: OBJ-2: Community Engagement | C29: 300 volunteers | D29: ='Community Engagement'!C3 -> 230 | E29: =D29/300 -> 0.76666667
B30: OBJ-3: Organizational Growth | C30: $2.6M revenue | D30: ='Financial Goals'!G3 -> 2500000 | E30: =D30/2600000 -> 0.96153846

Sheet Overview & Dashboard
A1: INLC 2030 Strategic Plan - Tracking Dashboard
A2: Last Updated: 11/4/2025
A4: PRIMARY 2030 GOAL: CONSERVE 15,000 ACRES
A5: Metric | B5: 2025 Target | C5: 2025 Current | D5: % Complete | E5: By 2030 | F5: Status
A6: Total Acres Conserved | B6: 3000 | D6: =C6/B6 -> 0 | E6: 15000
A7: Priority Projects | B7: 50 | D7: =C7/B7 -> 0 | E7: 50
A8: Annual Operating Revenue | B8: 2600000 | E8: 3000000
A9: Total Active Donors | B9: 1250 | D9: =C9/B9 -> 0 | E9: 1500
A10: Major Donors Engaged | B10: 39 | D10: =C10/B10 -> 0 | E10: 50
A11: Volunteer Participants | B11: 300 | D11: =C11/B11 -> 0 | E11: 500
A14: THREE STRATEGIC OBJECTIVES
A15: Objective | B15: Key 2025 Target | D15: Current Status | E15: % Complete
A16: OBJ-1: Conservation Portfolio | B16: 3,000 acres & 50 projects
A17: OBJ-2: Community Engagement | B17: 300 volunteers, ID expansion
A18: OBJ-3: Organizational Growth | B18: $2.6M revenue, 1,250 donors

Sheet Acres Conservation Goal
A1: 15,000 Acres Conservation Target (2025-2030)
A2: Year | B2: Q1 Target | C2: Q1 Actual | D2: Q2 Target | E2: Q2 Actual | F2: Q3 Target | G2: Q3 Actual | H2: Q4 Target | I2: Q4 Actual | J2: Annual Target | K2: Annual Actual | L2: Cumulative Target | M2: Cumulative Actual | N2: % of 15K Goal
A3: 2025 | B3: 375 | C3: 320 | D3: 375 | E3: 350 | F3: 375 | G3: 320 | H3: 375 | I3: 500 | J3: 1500 | K3: =SUM(C3,E3,G3,I3) -> 1490 | L3: 1500 | M3: =K3 -> 1490 | N3: =M3/15000 -> 0.099333333
A4: 2026 | B4: 500 | D4: 500 | F4: 500 | H4: 500 | J4: 2000 | K4: =SUM(C4,E4,G4,I4) -> 0 | L4: 3500 | M4: =M3+K4 -> 1490 | N4: =M4/15000 -> 0.099333333
A5: 2027 | B5: 625 | D5: 625 | F5: 625 | H5: 625 | J5: 2500 | K5: =SUM(C5,E5,G5,I5) -> 0 | L5: 6000 | M5: =M4+K5 -> 1490 | N5: =M5/15000 -> 0.099333333
A6: 2028 | B6: 750 | D6: 750 | F6: 750 | H6: 750 | J6: 3000 | K6: =SUM(C6,E6,G6,I6) -> 0 | L6: 9000 | M6: =M5+K6 -> 1490 | N6: =M6/15000 -> 0.099333333
A7: 2029 | B7: 750 | D7: 750 | F7: 750 | H7: 750 | J7: 3000 | K7: =SUM(C7,E7,G7,I7) -> 0 | L7: 12000 | M7: =M6+K7 -> 1490 | N7: =M7/15000 -> 0.099333333
A8: 2030 | B8: 750 | D8: 750 | F8: 750 | H8: 750 | J8: 3000 | K8: =SUM(C8,E8,G8,I8) -> 0 | L8: 15000 | M8: =M7+K8 -> 1490 | N8: =M8/15000 -> 0.099333333

Sheet Priority Projects (50+)
A1: Priority Projects Pipeline (Target: 50+ in pipeline 2030)
A2: Year | B2: Q1 Pipeline Projects | C2: Q1 Actual | D2: Q2 Pipeline Projects | E2: Q2 Actual | F2: Q3 Pipeline Projects | G2: Q3 Actual | H2: Q4 Pipeline Projects | I2: Q4 Actual | J2: Yearly Goal | Average Projects in Pipeline | K2: Annual Average Pipeline Projects | L2: % of 50 Goal
A3: 2025 | B3: 50 | C3: 15 | D3: 50 | E3: 36 | F3: 50 | G3: 20 | H3: 50 | I3: 50 | J3: 50 | K3: =AVERAGE(C3,E3,G3,I3) -> 30.25 | L3: =K3/50 -> 0.605
A4: 2026 | B4: 2 | D4: 2 | F4: 2 | H4: 2 | J4: 50 | K4: =SUM(C4,E4,G4,I4) -> 0 | L4: =K4/50 -> 0
A5: 2027 | B5: 2 | D5: 2 | F5: 2 | H5: 2 | J5: 50 | K5: =SUM(C5,E5,G5,I5) -> 0 | L5: =K5/50 -> 0
A6: 2028 | B6: 2 | D6: 2 | F6: 2 | H6: 1 | J6: 50 | K6: =SUM(C6,E6,G6,I6) -> 0 | L6: =K6/50 -> 0
A7: 2029 | B7: 1 | D7: 2 | F7: 1 | H7: 1 | J7: 50 | K7: =SUM(C7,E7,G7,I7) -> 0 | L7: =K7/50 -> 0
A8: 2030 | B8: 1 | D8: 1 | F8: 0 | H8: 0 | J8: 50 | K8: =SUM(C8,E8,G8,I8) -> 0 | L8: =K8/50 -> 0

Sheet Financial Goals
A1: Financial Growth Targets (2025-2030)
A2: Year | B2: Q1 Revenue | C2: Q2 Revenue | D2: Q3 Revenue | E2: Q4 Revenue | F2: Annual Revenue Target | G2: Annual Revenue Actual | H2: % Growth | I2: Total Donors Target | J2: Total Donors Actual | K2: Major Donors Target | L2: Major Donors Actual
A3: 2025 | B3: 650000 | C3: 650000 | D3: 650000 | E3: 650000 | F3: 2600000 | G3: 2500000 | I3: 1250 | J3: 1120 | K3: 39 | L3: 14
A4: 2026 | B4: 675000 | C4: 675000 | D4: 675000 | E4: 675000 | F4: 2700000 | G4: 2800000 | H4: =(G4-G3)/G3 -> 0.12 | I4: 1300 | K4: 43
A5: 2027 | B5: 700000 | C5: 700000 | D5: 700000 | E5: 700000 | F5: 2800000 | G5: 4009000 | H5: =(G5-G4)/G4 -> 0.43178571 | I5: 1350 | K5: 46
A6: 2028 | B6: 725000 | C6: 725000 | D6: 725000 | E6: 725000 | F6: 2900000 | G6: 2000000 | H6: =(G6-G5)/G5 -> -0.50112247 | I6: 1400 | K6: 48
A7: 2029 | B7: 737500 | C7: 737500 | D7: 737500 | E7: 737500 | F7: 2950000 | H7: =(G7-G6)/G6 -> -1 | I7: 1450 | K7: 49
A8: 2030 | B8: 750000 | C8: 750000 | D8: 750000 | E8: 750000 | F8: 3000000 | H8: =(G8-G7)/G7 -> #DIV/0! | I8: 1500 | K8: 50

Sheet Community Engagement
A1: Community Engagement & Volunteer Targets
A2: Year | B2: Volunteer Participants Target | C2: Volunteer Participants Actual | D2: % of 500 Goal | E2: Volunteer Events Target | F2: Volunteer Events Actual | G2: Idaho Community Events Target | H2: Idaho Community Events Actual | I2: Idaho Community Members Target | J2: Idaho Community Members Actual
A3: 2025 | B3: 300 | C3: 230 | D3: =B3/500 -> 0.6 | E3: 12 | G3: 2 | I3: 0
A4: 2026 | B4: 350 | D4: =B4/500 -> 0.7 | E4: 16 | G4: 4 | I4: 0
A5: 2027 | B5: 400 | D5: =B5/500 -> 0.8 | E5: 18 | G5: 5 | I5: 0
A6: 2028 | B6: 450 | D6: =B6/500 -> 0.9 | E6: 19 | G6: 6 | I6: 150
A7: 2029 | B7: 475 | D7: =B7/500 -> 0.95 | E7: 20 | G7: 6 | I7: 150
A8: 2030 | B8: 500 | D8: =B8/500 -> 1 | E8: 20 | G8: 6 | I8: 150

Sheet 2025 Quarterly Checklist
A1: 2025 Quarterly Milestone Checklist
A2: Quarter | B2: Milestone/KPI | C2: Target | D2: Status | E2: Notes
A3: Q1 2025 | B3: Launch strategic plan implementation | D3: FALSE
A4: Q1 2025 | B4: Begin IT systems audit | D4: FALSE
A5: Q1 2025 | B5: Acres conserved | C5: 750 | D5: FALSE
A6: Q1 2025 | B6: Priority projects | D6: FALSE
A8: Q2 2025 | B8: Complete Tribal engagement plan | D8: FALSE
A9: Q2 2025 | B9: Define Conservation Opportunity Fund policy | D9: FALSE
A10: Q2 2025 | B10: First corporate partner secured | D10: FALSE
A11: Q2 2025 | B11: Acres conserved | C11: 750 | D11: FALSE
A12: Q2 2025 | B12: Priority projects | D12: FALSE
A14: Q3 2025 | B14: Complete Community Conservation criteria (CRITICAL) | D14: FALSE
A15: Q3 2025 | B15: Complete service area delineation | D15: FALSE
A16: Q3 2025 | B16: First Idaho community event | D16: FALSE
A17: Q3 2025 | B17: First Tribal consultation meeting | D17: FALSE
A18: Q3 2025 | B18: Acres conserved | C18: 750 | D18: FALSE
A19: Q3 2025 | B19: Priority projects | D19: FALSE
A21: Q4 2025 | B21: Complete IT systems audit | D21: FALSE
A22: Q4 2025 | B22: Complete facilities needs assessment | D22: FALSE
A23: Q4 2025 | B23: Complete project evaluation tool | D23: FALSE
A24: Q4 2025 | B24: Tribal board recruitment plan complete | D24: FALSE
A25: Q4 2025 | B25: Acres conserved | C25: 750 | D25: FALSE
A26: Q4 2025 | B26: Priority projects | D26: FALSE

Sheet One-Time Milestones
A1: Critical One-Time Milestones (2025-2030)
A2: Year | B2: Quarter | C2: Milestone | D2: Lead Department | E2: Status | F2: Notes
A3: 2025 | B3: Q2 | C3: Define Conservation Opportunity Fund policy | D3: Conservation | E3: FALSE
A4: 2025 | B4: Q3 | C4: Complete Community Conservation criteria | D4: Conservation | E4: FALSE | F4: CRITICAL
A5: 2025 | B5: Q3 | C5: Complete service area delineation | D5: Conservation | E5: FALSE
A6: 2025 | B6: Q4 | C6: Complete IT systems audit | D6: Operations | E6: FALSE
A7: 2025 | B7: Q4 | C7: Complete facilities needs assessment | D7: Operations | E7: FALSE
A8: 2025 | B8: Q4 | C8: Complete project evaluation tool | D8: Conservation | E8: FALSE
A9: 2025 | B9: Q4 | C9: Tribal board recruitment plan complete | D9: Board | E9: FALSE
A10: 2026 | B10: Q1 | C10: Hire managed IT service consultant | D10: Operations | E10: FALSE
A11: 2026 | B11: Q1 | C11: Launch Future Conservation Leaders internship (5 interns) | D11: Engagement | E11: FALSE
A12: 2026 | B12: Q2 | C12: First Tribal/Land Trust regional gathering | D12: Executive | E12: FALSE
A13: 2026 | B13: Q2 | C13: Complete multi-year board recruitment plan | D13: Board | E13: FALSE
A14: 2026 | B14: Q3 | C14: Tribal representation joins board | D14: Board | E14: FALSE
A15: 2026 | B15: Q3 | C15: Launch Advocacy Committee | D15: Conservation | E15: FALSE
A16: 2026 | B16: Q4 | C16: Complete multi-year staff recruitment plan | D16: Executive | E16: FALSE
... A20: 2027 | B20: Q4 | C20: Glen Tana Phase 2 design complete | D20: Engagement | E20: FALSE
A21: 2028 | C21: 100% IT plan milestones achieved | D21: Operations | E21: FALSE
A22: 2028 | C22: Full office expansion complete | D22: Operations | E22: FALSE
A23: 2029 | C23: Glen Tana Phase 1 completion | D23: Engagement | E23: FALSE
